commute,belonging,pct_absent,engagement,gpa
22,3.86,12.8,3.83,2.7
32,4.7,7.2,3.36,2.62
37,3.51,10.9,4.3,3.35
33,4.33,9.8,2.45,2.74
20,3.69,13.8,2.85,3.3
20,3.04,10,2.82,2.43
43,3.56,11.6,3.35,3.02
18,2.42,15.7,2.57,2.83
54,3.84,16,4.44,2.83
37,4.53,11.9,3.7,2.41
44,2.43,11.1,2.79,1.39
8,4.02,0.2,4.51,2.96
35,4.31,10.9,3.93,2.43
17,3.61,11.5,3.36,2.29
32,3.39,5.7,3.01,2.91
35,2.99,7.6,2.21,3.4
9,3.63,10,3.46,2.69
25,5,0,4.64,4
40,3.78,8.5,4.31,2.94
21,3.21,19.8,2.3,2.31
24,3.3,10.5,1.9,3.1
42,3.07,19.4,2.5,1.73
44,4.39,10.4,2.42,2.58
52,3.84,15,3.31,3.6
31,3.96,3.6,3.55,2.38
21,3.32,3,3.08,3.24
30,5,8.3,4.51,2.85
39,2.17,14.3,2.43,2.14
35,3.21,5.1,3.9,2.88
36,3.07,17.6,2.99,1.67
39,3.02,19.3,2.91,1.99
39,4.12,6,3.77,3.22
48,3.14,17.1,3.27,3.1
35,3.77,11.3,1.87,2.16
28,3.23,16.3,2.7,3.15
28,3.77,11.7,3.4,2.58
41,3.68,13.9,2.9,2.55
23,3.53,9.3,3.6,3.61
34,3.24,15.4,3.2,2.66
27,3.46,12.3,4.3,3.12
42,4.52,12,4.49,3.59
30,3.48,7.6,3.28,3.19
47,4.04,11.5,3.82,3.04
5,3.44,8,3.1,1.6
35,3.16,14.8,3.33,2.96
21,3.16,7.2,2.39,2.97
26,3.99,15.6,3.23,3.27
50,3.22,14.2,4.02,2.33
30,4.03,7.4,3.05,2.48
23,3.83,13.1,3.91,2.62
40,3.76,14.9,2.76,1.88
29,3.14,8.3,2.75,2.3
18,5,11,4.27,3.01
21,3.37,16.3,3.24,2.75
9,5,6.3,3.89,3.77
19,3.6,2.9,2.19,2.38
34,4.35,7.9,4.83,3.56
22,3.38,21.2,3.69,2.82
39,3.98,15.4,3.43,2.68
19,4.59,5,3.61,2.97
37,4.58,6.2,3.69,2.95
7,4.03,7.2,4.14,3.42
43,3.48,18.8,2.64,1.9
19,3.12,6.1,3.57,2.92
41,3.26,11.2,3.82,2.68
34,3.3,9.4,2.9,2.81
11,3.37,13.6,3.07,2.35
45,3.48,21.6,4.57,2.75
15,3.4,11.2,2.69,2.63
38,3.52,12.7,3.76,3.6
51,3.19,15.9,3.44,2.98
37,3.21,20.4,2.56,1.91
33,2.91,14.6,2.82,3.01
53,3.22,24.3,3.16,2.28
46,2.5,19,2.72,2.37
15,3.92,8.5,3.57,3.4
26,4.19,5.5,4.06,3.15
16,3.98,10.8,2.97,3.14
19,3.57,9.2,3.91,3.65
33,4.63,12,2.52,3.15
4,4.55,8.9,4.3,3.13
29,3.49,18.7,2.69,2.7
47,3.68,8.9,3.35,3.82
41,4.2,5.9,2.74,3.15
16,3.02,7.2,3.54,2.61
38,4.24,13.1,2.95,2.63
40,3.72,21.2,2.77,1.12
30,2.79,10.7,3.55,2.56
40,2.86,4.3,3.08,3.23
22,3.07,10.5,3.63,3.39
8,3.02,11.5,3.38,3.54
22,3.27,8.3,3.28,2.82
42,3.41,16.8,2.62,2.97
29,2.62,20,2.49,1.8
34,3.57,6.8,3.26,3.67
38,3.71,12.2,3.29,3.28
30,3.05,7.2,4.32,3.16
40,4.32,8.1,2.42,2.23
42,2.45,7.4,3.73,4
46,3.65,9.1,3.99,3.27
47,4.64,9.8,4.02,2.83
23,4.71,3.7,4.29,3.12
23,3.95,6.1,3.66,4
19,4.24,7.9,4.05,3.13
26,2.99,11.7,3.41,2.85
23,3.65,10.9,3.65,3.36
39,2.82,17.1,3.54,2.75
31,3.61,8.7,3.05,2.11
29,3.69,8.8,4.01,3.42
34,2.64,16,3.32,3.51
21,3.65,8,2.9,2.49
23,2.61,12.9,2.81,2.93
60,4.46,7.6,4.24,2.99
20,3.18,10.3,3.08,3.59
28,3.57,6.3,3.91,3.3
40,3.95,5.7,3.08,2.63
4,1.59,7.9,1.55,2.76
36,3.14,12.6,3.09,3.02
17,3.91,5.2,4.74,3.8
27,3.93,15.8,3.38,2.25
27,3.27,11.3,3.14,1.63
15,3.73,1.4,3.47,1.81
32,3.53,8,3.2,3.34
30,2.31,10.1,2.14,2.58
34,3.16,8.3,4.02,2.79
15,3.94,3.1,2.81,3.57
40,3.08,11.5,3.44,3.21
34,3.34,15.6,2.5,2.76
24,4.83,8.9,3.31,2.66
28,3.29,8.1,2.69,2.93
21,3.37,11,4.76,3.14
31,1.9,14.3,1.92,3.35
31,3.01,11.7,4.24,3.11
29,2.67,16.3,2.61,2.34
26,2.74,8.8,3.38,3.84
46,3.92,19.8,3,1.8
15,3.93,9.9,3.03,2.46
19,5,4.3,3.42,2.99
32,3.99,0,2.96,3.1
19,2.28,18.9,2.88,1.83
36,2.9,18.6,2.94,2.37
57,5,10.9,4.07,2.59
39,3.13,6.8,3.38,2.89
33,5,0,4.35,2.8
15,3.52,12.6,2.06,2.6
29,3.76,14,3.25,3.19
36,4.91,9.3,4.34,3.14
50,2.97,16.5,2.34,2.63
19,3.5,4.8,2.18,2.44
41,5,13.6,5,3.21
24,3.22,13.2,3.52,2.18
38,2.94,23.4,2.47,1.79
31,2.19,14.2,2.7,3.15
37,4.9,7.5,4.04,3.19
24,2.82,5.3,3.41,2.44
57,4.42,9.8,3.08,3.68
28,3.97,11.9,3.06,2.71
26,2.79,1.7,3.28,2.49
8,3.63,17.2,2.89,2.78
39,5,12.1,3.11,2.7
26,4.3,2.9,3.72,4
28,3.47,9.1,3.47,2.23
43,3.39,13.1,2.57,2.98
28,4.06,15.4,3.66,2.59
20,3.72,14.5,2.51,2.58
30,3.04,15.4,3.62,2.25
21,3.85,6.3,4.68,3.11
48,3.41,11.4,3.69,2.46
36,4.67,13,3.29,2.66
41,2.57,15.2,2.77,2.4
12,3.92,14.5,4.72,2.25
16,2.37,18.2,2.46,2.55
34,2.86,12.2,2.61,2.42
23,3.61,10.8,3.38,3.55
45,3.54,6.8,3.78,3.44
40,3.43,11.8,2.6,2.55
40,2.92,12.5,4.01,2.65
38,2.87,12.7,2.48,2.06
30,3.86,11.4,2.75,3.54
18,3.26,17.1,2.69,2.11
22,3.68,11.2,3.68,3.07
36,1.83,10.2,1.99,3.05
52,2.62,11,3.55,2.82
34,3.16,9.8,3.07,2.58
24,4.3,5.3,3.06,3.77
22,2.45,4.9,3,2.88
52,3.33,4.7,3.66,3.64
25,3.08,0,3.34,3.37
21,3.62,5.9,3.15,2.52
16,2.93,13.5,3.53,2.43
26,4.07,8.8,2.84,2.03
43,3.54,10.4,2.86,2.68
45,2.69,13.5,3.58,2.35
14,4.01,6.9,3.95,3.61
30,3.52,18.8,3.42,2.54
5,3.94,11.2,4.53,2.74
19,3.28,8.6,3.27,3.4
25,3.55,7.8,2.94,2.7
34,3.69,0.8,4.54,3.86
16,3.09,14.2,3.66,2.79
35,4.89,9.6,3.39,2.47
33,3.46,11.5,3.97,2.98
40,2.46,12.4,3.48,2.57
36,4.34,5.9,3.58,3.23
14,4.42,4.7,4.17,3.22
40,2.15,16.9,2.56,3.09
37,3.29,18.9,3.43,2.28
30,4.09,10,3.51,3.34
38,3.81,9.1,3.49,3.29
28,3.43,9.4,3.07,2.27
31,2.09,18.5,2.64,2.65
21,4.3,8.9,3.13,2.53
16,2.32,9.3,2.95,2.42
40,3.89,12.6,3.3,2.97
32,3.76,7.6,3.29,2.53
48,3.54,12,2.83,2.14
55,2.75,14.2,2.77,2.68
25,4.15,9,4.48,3.86
27,3.42,5.9,3.08,2.99
7,3.68,2.8,2.88,2.81
38,3.93,2.9,3.2,3.04
18,1.63,13.5,3.01,2.92
25,2.51,18.9,2.03,2.3
29,2.19,14.9,1.8,2.4
13,3.82,6.7,3.24,3.18
24,3.16,9.7,3.7,3.56
3,5,0,3.09,3.42
32,3.84,9.6,2.92,3.1
5,3.8,2.7,3.08,3.18
29,3.51,8.1,3.1,2.82
33,4.34,10.3,2.68,2.9
20,3.92,5.6,3.3,4
37,3.31,10.2,4.55,2.63
24,1,20.4,1.07,1.33
43,4.03,19.8,3.4,2.09
25,3.69,13.2,3.02,3.17
29,2.88,10.3,2.63,2.49
24,5,1.3,4.22,3.41
10,2.89,13.8,3.25,2.24
30,3.95,3.9,3.92,3.69
52,3.88,2,3.09,3.51
33,3,12.8,3.01,2.27
52,3.15,18,2.85,2.6
13,4.39,2.4,3.69,2.71
33,2.21,12.8,1.69,1.97
13,3.09,8.7,2.61,2.18
34,4.09,10.1,4.68,3.17
37,2.75,19.5,2.83,2.13
18,3.47,13.9,2.43,2.55
32,2.37,11.2,2.38,2.63
31,3.8,6.4,3.41,2.46
22,4.08,10.7,3.66,2.36
31,3.71,5,3.4,3.92
39,2.6,18.4,1.81,2.52
47,2.64,15.7,3.11,2.85
34,2.87,12.4,2.97,3.02
52,4.22,8.9,3.49,2.42
35,4.02,6.6,3.52,2.13
36,2.7,20.6,3.85,2.21
37,2.88,10.4,3.69,3.44
38,3.81,8,3.62,3.45
26,3.04,13.8,2.96,2.5
46,4.66,5,3.51,3.38
34,4.18,11.7,3.66,2.53
25,3.48,5.6,4.13,3.29
25,3.2,8.7,3.22,2.67
47,4.49,20.8,3.76,2.22
46,4.05,12.3,3.33,2.51
29,2.12,9.5,2.15,3.41
43,2.81,7.6,2.96,2.31
31,4.12,7.6,3.6,3.05
45,2.34,21.9,3.05,3.1
36,3.84,11.1,4.53,2.91
24,3.74,15,2.37,1.81
37,3.54,9,2.59,1.97
31,4.44,13,3.01,2.57
34,3.38,13.9,3.3,2.69
6,3.05,0,4.04,4
37,4.13,9.4,3.6,2.31
47,3.19,12.7,3.04,1.68
15,4.47,10.4,4.24,2.74
36,5,8.9,3.92,2.66
42,2.62,8.9,2.72,2.77
3,2.66,3.1,1.75,1.88
32,1,12.2,2.78,3.03
3,3.43,5,3.56,3.1
33,3.78,12.5,2.62,2.75
33,4.13,6.6,4.05,4
22,3.89,8.8,3.63,3.39
17,3.21,17.1,2.41,2.97
5,3.62,6.1,3.28,3.45
27,2.37,17.2,2.63,2.28
26,3.52,4.9,3.67,2.84
36,3.06,15.6,3.41,3.1
23,4.65,11.2,3.93,2.68
15,4.7,6.6,4.57,3.81
35,4.78,14.3,3.96,2.32
63,4.22,16,4.07,2.9
49,3.22,11.8,3.35,1.88
27,3.99,11.9,3.97,2.57
25,3.85,2.8,4.58,3.59
33,2.99,14.2,2.53,2.7
3,3.49,2.3,3.5,3.06
18,4.08,9.1,3.08,2.79
6,4.4,16.2,4.65,1.85
15,2.69,13.6,1.6,2.89
37,4.2,11.8,3.53,3.51
39,4.39,12.2,2.53,2.35
49,4.07,14.2,4.01,2.95
21,4.05,13.9,2.84,2.71
43,2.9,16.6,2.55,2.77
38,4.04,13.3,2.96,2.51
8,3.04,10.3,3.72,2.33
30,2.83,19,1.88,2.13
24,3.28,11.4,3.28,2.98
49,3.2,9.3,2.61,3.28
31,3.48,14.5,2.52,2.5
36,3.9,14.6,3.76,2.56
27,2.33,18.4,2.02,1.45
30,2.72,4.2,3.98,3.41
37,3.54,13.2,3.13,1.73
24,4.07,8.2,3.39,2.86
23,4.15,14.4,2.87,2.19
31,3.69,13.8,2.28,2.21
22,2.89,8.5,2.59,3.12
34,2.96,17,3.69,3.04
39,3.69,13.8,2.74,2.96
23,3.71,5.9,3.09,3
48,2.41,18.7,1.74,2.04
24,3.25,15.9,2.89,2.5
37,2.09,16.2,1.95,2.69
39,3.23,17.7,2.83,2.13
31,2.68,14.5,3.72,2.92
30,4.11,8.2,3.21,2.58
23,3.23,11.9,3.44,3.21
45,4.06,7.4,3.74,3.09
15,3.86,7.5,3.66,3.06
26,4.13,6.5,4.16,3.26
15,4.06,6.9,3.98,3.62
52,2.84,5,2.78,2.76
23,4.26,0,3.87,3.14
37,4.67,4,3.41,3.45
7,2.68,12.6,3.06,1.98
37,1.88,24.2,1.32,1.89
24,3.19,8.6,3.43,2.79
40,4.28,15,4.38,2.61
24,3.75,3.2,3.32,2.77
23,2.77,14.9,3.03,2.78
23,3.66,3.8,2.97,3
19,3.05,16.4,3.08,2.63
25,3.97,1.3,4.35,3.13
22,3.97,5.7,3.68,3.34
26,3.2,15,2.66,3.13
41,3.94,11.4,3.23,3
38,3,13.3,2.91,2.42
22,4.76,3.2,3.67,2.94
13,4.75,16.5,3.43,3.23
30,3.07,9.2,3.81,3.26
24,4.26,8.1,3.45,2.87
36,3.48,14.6,3.57,2.52
35,2.73,17.1,2.78,2.89
24,3.29,5.5,3,3.3
42,3.1,10.4,3.9,3.1
30,3.01,14.9,3.15,2.94
49,4.9,11,4.5,2.7
21,3.4,10.4,2.4,2.38
31,2.95,10.2,2.86,2.86
10,3.71,4.1,4.6,2.75
38,4.26,8.5,4.93,3.67
32,4.22,7.6,4.17,2.96
31,3.21,16.1,2.93,1.8
9,3.24,12.1,3.87,3.5
25,2.96,13.6,3.24,3
36,2.15,19.3,2.85,2.18
40,2.31,18,2.51,2.72
47,3.16,13.2,2.65,1.83
16,3.31,9.8,3.16,3.32
21,4.1,12.2,3.84,2.99
38,3.54,15.3,3.12,2.55
45,2.19,14.2,2.39,2.33
28,4.56,2,4.46,3.43
38,4.47,13.1,3.8,3.35
52,3.63,7.2,2.27,1.74
28,4.41,12.5,4.11,2.7
26,3.03,8.2,4.25,3.09
17,3.39,16.6,3.4,2.5
31,4.56,5.7,2.8,2.41
17,3.9,8.2,3.48,2.83
43,3.86,15.1,1.73,2.25
33,3.1,11,3.03,2.79
8,3.26,14.3,3.42,2.77
39,4.12,7,3.19,3.29
58,4.43,18.2,3,2.7
39,2.81,11,3.01,3.61
27,2.39,10.8,3.11,2.54
17,2.82,9.9,3.12,3.02
34,2.66,7.9,3.81,3.2
30,4.24,1.6,3.63,2.95
49,2.65,16.1,2.58,2.38
27,3.82,9.9,4,3.45
36,2.65,4.3,2.91,4
3,3.84,7.5,4.01,2.87
27,4.39,3.2,3.42,3.3
20,4.33,2.6,3.93,2.72
38,3.88,1,4.12,3.12
36,3.39,8.9,3.05,2.32
29,3.96,0,3.55,4
31,4.35,17.9,3.74,2.41
40,3.75,2.2,4.11,3.99
31,3.96,16,2.84,2.33
15,3.37,9.8,3.47,2.5
19,3.77,5.8,3.9,2.84
24,3.1,9,3.86,2.86
34,4.39,15.7,4.26,2.85
14,4.14,7.8,4.18,2.74
23,5,9.1,5,3.48
3,3.8,7.5,3.91,2.5
37,3.17,22,2.66,2.74
22,2.38,11.5,2.59,3.01
36,3.58,17.5,3.57,2.42
40,2.9,8.7,3.98,2.57
71,4.12,17.4,3.65,2.38
29,4.19,9.5,3.31,2.61
27,2.55,8.4,2.63,2.49
40,2.3,13.4,1.94,1.99
33,3.01,9,2.04,3.08
39,4.16,12.1,4.83,2.37
35,4.28,14.8,4.17,3.08
24,3.4,8.6,1.91,3.41
60,2.91,15.8,1.91,2.8
25,2.85,13.3,4.23,3.65
55,4.38,8.7,2.83,2.48
23,3.31,16.5,4.33,3.55
38,2.56,15.7,2.89,2.57
18,5,5.2,3.04,3.35
32,2.97,15.1,2.83,2.25
3,3.51,17,4.59,2.41
28,3.39,7.6,3.42,4
56,3.81,13.2,2.67,1.56
18,4.03,10.2,4.52,2.84
3,4.07,11,3.42,2.11
5,4.92,9.3,4.08,3.25
36,3.48,9.7,3.27,2.78
47,2.74,10.3,3.31,2.39
43,3.23,10.2,4.38,3.57
22,3.31,8.4,4.47,2.78
34,4.78,12.8,3.55,2.39
44,3.58,9.5,3.83,3.68
21,4.1,8,4,3.15
34,3.48,7.6,3.68,2.77
22,3.58,0.9,2.46,2.26
14,2.7,10.1,2.98,2.38
38,4.02,7.1,4.44,2.83
32,1.78,14,2.36,2.57
39,2.25,9,2.66,2.86
22,3,16.2,3.57,2.48
31,4.03,14.1,4.51,3.49
43,2.93,15.6,3.13,2.65
22,4.32,3.6,3.99,2.85
28,4.46,1.3,3.51,2.58
24,3.31,7.9,3.67,2.92
3,3.2,8.2,3.74,2.86
26,3.18,13.4,3.15,2.79
48,3.14,15.5,3.87,2.68
26,3.05,11.7,2.43,3.01
53,3.56,17.9,3.81,2.62
18,2.95,14.4,3.3,3.21
31,4.28,1,2.3,2.98
28,2.7,19.4,2.3,1.85
28,2.34,15.1,3.61,3.87
24,2.41,5.9,1.84,2.28
36,2.85,19.8,2.89,2.39
45,2.31,17.6,2.9,2.98
23,2.64,15.6,1.97,1.81
41,3.26,9.3,3.48,3.5
20,4.39,3.7,3.23,3.06
42,3.15,10.1,2.75,2.5
13,3.81,7.3,3.44,2.9
26,4.91,5.2,4.74,3.34
19,3.66,8.6,2.55,2.82
46,4.4,4.8,3.24,3.01
39,3.59,9.8,3.8,3.51
17,3.95,6.4,3.14,2.81
36,3.22,14.1,3.34,2.16
28,3.53,15.9,2.85,2.52
27,3.75,12.9,3.38,2.57
44,3.23,19.9,3.77,2.47
39,3.24,13.6,4.14,3.39
36,3.79,4.8,3.15,3.49
36,3.41,9.9,3.83,3.59
40,3.37,7.2,3.57,2.74
29,3.92,6.4,3.86,3.98
26,3.59,14.3,2.61,2.37
27,3.73,4.2,4.21,4
39,3.29,19.3,3.26,2.52
9,2.14,14.6,2.13,2.47
39,3.87,16,4.37,2.63
34,2.88,18.5,1.98,1.56
32,2.6,9.5,3.79,2.65
44,3.03,6.5,2.59,2.6
21,3.7,6.8,3.67,3.12
37,2.56,9.8,2.64,2.56
32,3.88,12.7,3.78,3.39
36,4.1,9.3,3,2.45
34,3.45,3,3.04,2.4
23,2.64,12.4,3.35,3.19
25,4.05,12.5,2.21,3.49
32,3.38,10.9,3.31,3
21,2.65,14.9,2.6,2.36
34,3.78,20.2,3.03,2.33
44,3.35,12.9,3.19,3.19
41,3.8,17.9,3.82,3.02
25,3.89,12.9,3.56,2.79
21,4.1,14.3,3.04,2.17
7,3.3,12.8,3.45,3.17
37,3.17,9.1,2.5,2.58
23,3,9.7,2.95,2.03
50,2.68,14.6,3.25,2.49
17,4.15,14.8,3.08,2.69
34,2.65,14,3.36,2.93
31,3.87,15.1,3.55,3.35
22,3.74,5.6,3.5,3.92
38,3.97,4.3,3,3.15
44,3.95,8.7,3.25,2.95
26,3.26,14,3.92,2.58
34,3.16,13.7,3.72,3.62
28,4.02,15.9,3.58,2.61
29,4.37,1.9,4.1,3.2
35,3.82,7.1,3.41,3.28
44,3.35,18.9,2.4,1.67
22,2.88,4,2.87,2.98
34,3.54,8.4,2.95,4
33,3.29,19.9,3.46,2.56
29,3.15,13.2,3.79,2.12
21,3.92,0,4.26,4
23,3.45,9.9,3.46,2.3
23,3.56,8.5,4.13,2.04
75,2.84,10.4,2.47,3.03
22,2.92,8.6,3.53,3
17,4.65,3.7,4.73,3.13
33,2.68,4.2,3.66,3.02
51,3.01,14.7,3.25,2.71
33,3.64,12.5,4.97,2.86
31,3.27,15.1,3.5,2.11
26,3.01,20.1,4.19,2.01
25,2.81,14.3,2.43,2.2
39,5,6.8,4.86,2.87
27,4.51,10.8,3.71,3.33
13,2.94,3,3.09,2.75
55,3.68,25,2.64,2
37,3.95,7.7,2.53,3.15
44,3.33,8.4,2.6,3.29
25,3.46,12.6,3.95,3.08
30,3.48,17,2.97,1.2
43,3.12,10.3,3.36,3.04
3,3.59,0.6,3.02,2.84
45,3.83,12.2,2.74,2.6
11,4.64,7.6,4.47,3.04
48,4.66,15.7,4.17,2.85
53,4.24,2.9,3.72,3.2
18,2.18,21.3,3.05,3.23
11,3.83,0.4,4.33,3.29
10,3.99,3.6,3.26,4
5,3.98,7.9,3.7,3
30,3.66,15.5,3.81,2.93
26,5,6.6,4.6,3.68
35,3.91,8.8,4.05,3.01
3,4.3,2,3.18,2.78
9,2.75,8.3,3.8,2.65
26,3.06,15.6,2.66,2.67
5,3.09,2.4,3.17,3.22
20,2.35,19.2,2.79,1.6
34,3.23,10.5,4.04,2.95
62,3.39,17.4,3.16,2.13
18,2.91,8.2,3.79,2.08
25,2.99,5.9,3.23,3.01
34,4.44,13.1,3.6,3.66
23,3.75,15.9,4.87,2.65
28,3.15,13.4,3.47,2.6
12,3.95,10.9,3.22,3.08
27,4.5,14,3.29,2.08
45,4.28,9.4,4.19,2.82
20,3.47,5,4.39,2.99
24,2.96,3,3.82,3.53
44,3.96,16.2,2.63,2.06
41,3.33,21.5,3.67,3.32
34,2.55,3.8,2.94,3.12
39,4.76,8.8,4.77,3.21
23,4.33,5.9,3.51,2.48
44,3.53,7,3.02,3.71
45,3.23,18.5,2.63,2.67
32,3.79,7.5,4.36,3.47
32,3.11,11.1,4.02,3.32
31,2.76,17.9,2.34,2.16
43,2.93,15.7,4.02,3.81
23,4.17,8.4,3.46,3.76
21,4.74,6.1,4.05,1.93
16,3.07,15,3.84,2.26
63,2.54,4,4.11,3.57
40,2.92,6.4,2.84,3.24
3,2.81,3.2,3.51,2.85
47,4.32,15.2,3.42,2.83
31,3.83,6.4,3.06,2.64
33,2.59,9.2,2.17,3.57
52,3.7,17.3,4.09,2.82
47,3.11,17.6,2.69,1.61
30,4.64,10.7,3.87,2.68
14,3.69,3.7,4.67,3.94
36,3.06,14.3,2.82,2.73
19,2.84,8.3,3.23,2.69
55,3.55,15.8,2.88,2.17
61,4.55,16.3,3.85,3.43
43,4.88,3.2,4.4,4
29,3.88,11,3.02,2.49
23,3.45,1.9,3.44,3.45
30,4,19,3.26,2.43
44,5,9.8,3.91,2.52
32,3.63,8.5,4.01,2.76
26,3.67,9.3,4.57,3.59
39,3.4,9.7,2.59,3.15
31,3.76,15,3.17,2.68
30,3.57,7.5,2.94,3.44
36,3.9,6.7,3.67,2.97
42,3.75,11.4,2.38,2.16
21,3.76,9.3,3.69,3.46
34,2.66,8.4,3.01,2.28
35,3.55,16.8,3.1,3.2
15,3.78,9.9,3.69,2.75
37,3.56,3.7,2.95,3.46
28,2.66,5.7,3.1,2.33
14,3.28,16.9,2.97,2.4
43,3.62,10.7,3.77,3.39
39,3.36,14.3,3.21,2.58
8,2.47,6.1,2.61,3.73
29,3.43,7.7,3.56,2.85
30,3.81,8.1,3.2,2.94
30,2.59,6.2,2.84,2.78
11,4.57,8.4,3.53,3.33
38,3.33,15.4,3.13,1.81
34,3.36,11.9,2.94,2.48
50,3.86,11.8,2.46,2.7
25,3.68,11.7,3.18,2.75
26,3.39,4.4,3.59,3.1
41,4.09,13.4,3.5,3.08
47,4.42,6.2,3.3,2.41
10,3.89,12.4,2.83,2.64
26,4.43,8.8,5,3.46
29,3.05,2,3.46,2.73
19,3.76,6.6,3,2.73
43,4.05,10.6,3.52,2.5
46,3.11,18.7,3.92,3.1
35,3.1,13.9,2.35,2.29
41,3.64,14.9,3.85,1.94
29,3.23,14.9,2.92,2.71
22,3.13,16.6,2.41,1.61
27,3.87,14.8,3.53,3.04
28,5,3.6,3.52,3.09
54,3.6,7.5,2.98,3.05
35,2.61,14,1.5,2.56
16,3.02,12.3,2.61,2.59
38,2.66,9.1,3.32,3.09
21,2.87,8.1,2.06,2.07
36,3.66,0.3,4.05,3.45
14,3.08,8.2,3.75,3.25
21,4.24,7.6,3.42,3.2
25,4.45,12.1,2.86,2.83
23,3.41,7.9,3.5,3
9,3.83,0,4.65,3.23
37,4.76,7.1,3.76,3.11
19,2.71,18.9,2.65,1.91
36,4.28,0,2.87,3.67
22,3.6,9.4,4.27,3.31
49,2.72,12.7,2.89,2.89
23,4.36,2.6,3.56,2.71
18,2.26,15.9,4.1,2.25
3,4.8,0,4.98,3.68
28,3.18,16.6,3.24,1.5
41,4.64,9.8,4.35,3.09
43,3.63,18.8,2.24,1.28
31,3.78,12.1,4.58,2.14
18,2.68,15.3,3.47,2.25
32,3.78,12.8,3.31,2.36
38,3.15,14.8,2.67,2.68
15,3.98,6.3,4.14,2.7
29,4.54,8.4,4.35,3.28
18,4,0.6,4.35,4
37,3.72,16.9,4.28,1.83
46,3.3,16,2.03,2.56
45,2.67,16.2,2.63,2.76
39,3.24,6.4,2.98,2.65
34,4.4,11.6,4.13,2.5
41,3.45,16,4.15,2.96
27,3.28,12.4,3.6,2.84
50,2.64,9.9,2.75,3.25
21,3.21,16.2,3.42,2.61
34,3.07,9.9,2.29,2.57
58,4.06,20.9,2.74,2.75
33,4.39,14.4,3.2,2.24
41,4.11,8.2,5,4
5,3.75,6.9,3.27,3.11
36,2.86,19.1,2.08,2.02
30,2.38,19.5,2.51,2.56
39,3.18,13.7,3.15,2.87
41,3.26,14.2,3.63,3.24
47,3.96,8.1,3.65,3.79
33,3.72,8.5,3.95,3.21
35,2.8,3.5,3.5,2.87
51,3.23,4.9,3.5,3.2
29,3.93,13,2.89,2.89
31,4.91,19.6,4.24,2.72
19,3.27,6.3,3.47,3.09
24,4.21,7.2,3.37,3.05
40,3.47,10.1,3.94,2.75
52,3.62,18.7,3.49,2.08
27,3.98,8.9,3.61,2.82
18,4.33,0,3.38,3.45
52,2.78,21.1,1.84,2.7
26,3.9,7.6,4.65,3.94
36,3.37,16.4,3.06,2.04
46,3.46,2.5,3.22,2.5
15,2.91,7.4,3.08,2.74
40,3.8,6.4,3.85,1.98
41,4.04,6.4,4.28,3.36
59,4.44,10.9,3.81,2.96
4,2.91,15.9,3.13,2.92
40,3.74,14.2,2.95,2.16
38,3.62,3.6,3.41,4
28,3.26,12.3,2.56,2.24
26,4.67,10.2,4.49,3.34
16,3.3,11,3.83,3.05
42,3.07,8.5,3.35,2.39
36,3.27,19,2.42,2.97
37,3.65,7.1,3.42,2.46
32,3.5,12.4,3.18,2.64
39,4.27,15.9,3.77,2.84
26,3.8,16.3,3.51,2.04
14,3.34,9.9,2.85,2.6
49,3.45,11.9,4.13,3.68
16,3.25,4.6,3.07,3.02
47,3.37,8.2,3,2.59
31,3.42,10.8,3.33,2.64
26,4.47,5.7,3.76,3.21
41,2.92,12.6,2.17,2.28
24,3.09,13.4,2.47,1.86
35,2.43,13.7,3.46,2.52
23,3.19,20.5,2.3,1.12
36,3.16,11.3,3.01,2.57
54,3.86,15.7,3.74,3.16
31,2.95,9.9,3.55,2.61
14,3.78,10.1,3.12,3.33
46,3.4,9.1,2.48,2.75
43,2.95,17,2.37,2.57
35,3.84,9.6,3.42,2.95
37,4.09,10.2,3.07,3.2
35,3.52,17.7,3.98,3.42
23,2.94,10.9,3.54,2.83
38,3.76,14.8,3.14,2.61
11,3.35,15.6,3.22,2.81
31,3.78,5.8,2.72,3.04
29,3.37,13.6,2.57,2.31
20,5,1.7,4.55,2.8
22,2.83,10.5,2.61,2.57
29,4.39,4.3,2.92,3.34
29,4.09,4.2,4.03,4
18,4.18,5.3,3.39,3.21
64,2.78,17.7,3.06,1.3
27,1.87,13.6,1.71,2.48
35,4.53,7.7,3.08,3.09
36,3.49,8.6,3.33,3.29
30,3.91,9.2,3.59,3.66
27,3.45,0,3.81,3.49
27,4.11,7.9,4.32,3.02
33,3.14,13.5,2.71,3.29
32,3.36,4.4,3.97,3.7
40,3.22,14.9,2.89,1.83
39,2.56,14.3,3.23,1.85
40,3.45,13.2,3.72,2.69
59,3.83,9.4,3.47,2.63
6,3.42,8.6,3.19,3.35
42,3.38,8,2.5,2.55
30,3.42,11.5,3.21,2.61
26,2.8,14.6,3.36,3.38
12,2.64,13.3,2.28,2.28
37,3.4,12.1,4.27,3.09
32,3.62,11.3,3.34,2.48
37,3.21,15.7,4.29,2.55
4,3.45,6.4,3.01,2.89
21,3.89,12.8,3.17,2.94
22,2.63,14.5,2,2.14
40,4.58,13.2,4.04,3.37
28,4.21,11.2,3.81,2.81
11,3.99,4.4,4.41,3.46
36,3.88,10.5,3.42,2.98
12,4.3,7.1,4.41,3.12
3,2.43,15.3,1.65,2.43
31,3.25,9.3,2.78,2.74
18,4.23,9.4,3.55,3.63
38,3.75,18.3,3.53,2.2
45,4.21,15,3.5,3.64
65,3.15,19.8,1.52,1.92
