ai_minutes,prior_math,growth
149,0.6388493750851308,12.080018896160427
167,0.6951354192103733,22.924985825274682
99,-0.8073259806071288,13.821688708759089
56,-0.65036277421563,15.50702735871047
74,1.005560342025475,11.283377108961151
68,0.8172578481972727,10.921406299040385
117,-0.3387311177681121,15.60299556438974
171,0.05123105415463407,7.297659735924873
146,2.278708641233218,22.51080781901307
152,0.4400980226051317,8.737109482001326
147,-0.5455066263139828,20.796245994952184
104,0.7318340717272414,15.578188108848337
105,1.0887540650191903,9.011582515057022
31,0.8949788155941937,9.580858430682618
95,0.22451823837097695,15.127814431839454
73,-0.7861773154450655,10.800447232318495
123,-0.2928439956083673,16.87703490588679
104,0.479564951291774,12.853247631138448
101,-0.5306814102258368,15.740838743977154
175,0.9577214994954644,20.47175051190503
99,0.5524547977631822,10.469864835793679
132,-0.36243230906610624,13.424546252680388
146,1.7513166722909494,12.400583111947872
91,0.256298909841987,16.74717337488044
87,-0.8701858261917566,17.109072646275834
57,0.42904622117085106,10.649030637233862
59,1.2482326256902818,12.515936636361452
72,0.015747363607392924,13.911259471460136
199,0.8104336842105887,16.579134017249125
99,0.9029622319296235,21.228283849494108
34,0.35320588430520283,13.128176025299046
73,2.1452486634683243,9.428536082840518
101,1.2636517422538405,21.734250079173
102,-0.04884948028015687,18.264670844077155
45,-2.029378199297046,7.090778238288237
12,1.5588666025771576,14.139731534906051
83,2.199685406448833,23.357716876426906
60,0.25282752941615705,22.13026746543953
127,-0.6399782521179802,13.287414319437108
106,-0.9273043302369618,13.244498126732308
171,0.2281102140740735,9.202522877018083
83,0.5782855643054924,22.556995789529473
175,-0.46159878347538735,15.0266067264155
33,0.481325240033857,14.614594045758038
68,1.1363027597804045,17.488885067250465
71,-0.16391853304805626,8.976930364556583
67,-1.1889690567567888,9.769357318681097
153,1.0024676442529503,7.650326600530686
108,0.9819648663954605,20.789681339305123
110,-0.2760699897575012,18.541112472086823
58,-0.30855582018696764,14.058667569318091
88,-0.30263571227351144,18.248871429120342
129,0.5346441671110859,14.689470413469438
63,0.19770047392750165,11.761477718004949
160,-0.2513451282878708,16.24924365207009
46,-1.560122867257542,3.351331817998899
56,-0.40997949710288306,19.489119811489992
107,-0.35114564383258967,25.160975376781124
112,0.12968878947426243,14.13493229067404
112,0.08767329927023809,12.767554319739741
95,-0.39782157647694666,19.686570858031075
17,-1.5789440990241992,3.3346819019398795
119,-0.19972327405961857,19.022879715158094
105,0.8395181441398387,20.529903973873747
140,-0.250504813907629,21.69560742520556
155,2.0559258121182657,20.98825058442453
61,-0.3474304215721424,20.057396341155762
142,-0.4296647649592849,14.145707324438527
203,-0.18642255596369703,4.542244918137422
68,-0.17749958749878159,10.765367277522133
152,-0.9702422711475291,16.20783701353413
71,0.3589908398371612,18.345666437270168
102,2.8045829475989117e-4,16.700148886751812
35,1.2229581284008109,20.317956522989654
66,-0.5923723177073462,14.008163934161233
61,-0.4609504498940168,19.794075477634845
20,1.4149554143110514,18.79100702927895
28,1.2573268608419923,14.626986020685772
112,-0.22235246169038317,18.487001528974886
0,0.12190666008430069,6.844645983529048
24,0.02716529675275193,6.434504072342806
128,-0.6917000108639363,19.231160597793377
12,-0.8472190478167022,-5.090119900413841
95,-0.5292079179645451,9.055751272306065
106,-1.7237561772970378,8.965822978543379
149,1.3921721593245002,15.16038771158229
161,0.9548185419831111,11.003800449481318
29,1.5330455200923254,25.60157127858436
146,0.7579455910672019,5.717320303464552
135,1.5224753021200448,22.362926532686778
95,1.3339873637659234,21.842972762709117
55,0.2528329908945214,8.884580471158657
95,-0.9669224158120838,7.00375603476679
133,0.020048873443260687,9.09688913878972
18,0.00879739893521568,15.720130421471923
15,-0.7655840851623547,7.454754321847449
114,-1.451430702581495,5.81798087578575
15,0.7757929355887416,14.763026326328381
148,-0.4906648714761492,9.912395844376023
84,0.012313454333640544,19.230902029698775
104,-0.537205640670528,15.676645602875716
58,0.41931013209224555,11.547968850451495
157,1.5045633328917754,14.223290989484328
77,0.7388748940643952,24.578446833704938
45,0.9489943517017874,16.307583076371024
111,0.723322724701078,10.928708611220888
13,1.6885829748859418,3.6584345821854356
38,-0.19979197207537341,6.527527079762189
141,0.9759875019766889,13.643658643927647
88,0.44365238760833864,15.409997884609448
135,1.3107629362769169,20.21793200176077
144,-1.6297612200660851,9.144186666236823
151,0.8196336628917854,8.77466166120714
143,-1.5039840216166624,14.954687346600188
87,1.171366692715728,6.452453267849668
143,-0.5346237230679325,4.2623917821273025
124,-0.6532067749775328,6.435389796537517
107,1.5889057324113942,18.384361442358088
158,-1.1192503161369243,5.903347014511179
119,1.1040894356765412,8.282103611210337
86,-0.4801350985110556,10.632234557756396
57,0.9452962500388532,10.216713723033877
87,1.9153259240905234,16.609828723558312
183,0.5270015009513306,14.549613690616862
75,0.5398115217666317,12.772138606887129
105,0.11152275806062283,7.1086350352492556
40,-0.25310328675381827,15.317190277967567
90,0.5189688703168175,8.190662799864977
112,-0.380523247325904,15.83783416863005
53,0.8170254380816702,22.308345893770316
179,0.3260545296129604,8.20395950183261
123,-0.6835205320538529,13.964325106011174
74,-0.2611877313307947,22.117100394581257
67,-0.3394135593191576,9.038259764729599
105,-1.518479490103554,4.674843506143866
154,1.460694447946085,12.59191186780188
88,-1.0203465002056025,10.420829777972278
100,0.31529410416346276,13.340638108542105
96,-0.7692950922862932,9.005289280974015
13,0.1180537047349997,-4.9068585609507345
105,0.6880676602963298,14.066357078389018
77,0.21820925266136618,16.59776194117002
119,-0.2733268946274857,14.509879508678145
133,0.8198847768426488,11.676611186268584
126,-0.9343939229440625,22.951539780798303
121,0.29325911518013587,9.29176079382871
105,0.02901567714580748,9.591486898319102
104,-0.28261404136693,7.996949995719425
105,0.6452349929500679,26.125652939323565
145,-0.745403860438867,5.806378503939868
98,1.083346535406307,12.270510592486895
139,-1.1786710495873238,6.872546762651698
86,-0.37733983757797634,4.521376114370373
41,-0.5573527674971618,13.25596754554743
101,0.05160543616610875,14.143451970353196
133,1.2528259668891755,12.124333372322164
84,-2.5014567201856663,14.204701226243426
79,0.17161794055136106,13.665411105409387
60,-0.5165299055174134,22.478351048319837
162,0.6713925896418205,10.54873014303376
135,-1.2751454386102885,0.7195215967154791
61,-1.9456469732643202,1.5751981623372844
107,-1.0658263546211981,12.951477737061984
5,-1.5836911680191208,4.940608271018913
169,0.07407763407239172,14.271211193994288
69,-0.5752362095160244,6.1987646052567715
142,-0.45399905446022243,11.269988718335785
88,-0.674264716645962,3.183580650471825
114,-0.4606908627523328,12.193401024461025
145,1.1718016381432161,14.629529043407643
109,-0.5175472105568791,19.93938246715561
54,-0.8295436137443869,4.912172511024817
47,-0.8752439307148993,9.662476731741531
144,1.0848871716303525,18.020241004830616
85,-1.161181880596219,5.779545326302664
67,1.2164042704448277,19.93863576030939
116,-0.9613997168240204,21.910859254617865
175,-2.0786272004758777,10.387127130341778
9,-0.9249750664163423,13.578457545923374
120,-0.36655653076544087,4.302879226551779
128,0.4444882353218179,14.683191554606285
73,-0.06708123177169212,21.09201707437326
134,0.8661833157964448,7.777675314547324
70,0.3332093976832246,18.657924375421686
138,1.2905751662775384,18.30400988622225
65,-1.5637875841268085,12.429417584990064
141,-0.14830277139627557,20.329031436539335
80,0.3624949187661642,16.530550629779672
99,-0.3055044656051331,13.44622344357166
183,-1.5606222001015997,12.958172195698321
176,0.35038832878208825,7.526127401936713
143,-1.0067299015165847,2.569096985961389
68,0.6598576384962419,16.590313675195617
157,1.0204826526963013,11.647830586087256
40,1.024468953996046,16.076585444708634
40,-0.8008771457733418,10.887549333161891
53,0.06445105593893663,20.938875302552027
95,-0.7468579089549128,7.476184229806524
54,-0.37432513141608087,11.548621833672657
87,-0.10109107966762369,10.49571748690142
117,-0.8993798829236969,17.244663511003417
11,-1.418857702018823,-5.060409701886992
57,0.7582089579391552,21.921121286016085
115,0.8188505663264045,8.735545463315844
73,0.13715922987777399,16.74204242600712
131,1.4313108454883412,17.15193786764827
0,-0.838693484116629,6.198007992908792
95,0.1748839026434423,8.873609951310065
61,-0.7489041260427298,6.283231513382871
205,-1.1105719591119174,10.018856818263286
168,1.5338664519194123,19.758229393273734
144,1.5988698484063788,17.759851758772204
6,1.077405035401579,14.029726162419474
42,0.6501613759774958,11.852311427337783
63,1.726144632494057,27.303254912876483
141,0.13841686867934336,17.985899796826754
151,0.5843417566559089,19.12652312160242
48,1.1469792926324154,20.1302229465417
113,0.4024405694080198,11.952822785592513
100,-1.5961065847060447,11.460225956923065
47,0.051038867173076916,9.960233094051741
66,-1.5297905086258792,16.240298399698283
68,0.002441828753462972,15.892028079468714
77,0.3252094615163465,13.645494027534337
16,-0.04658758237826407,16.75932298922681
71,-1.1632434164944492,19.9243748494681
91,-1.1463839862614573,12.197551097244167
133,-0.2763506322013132,-0.3075862934846505
62,-0.8085640172146895,11.403477549438195
120,-0.7468797484057962,10.924856033723854
112,0.3018875669897093,13.725525394381258
119,-0.5906607392419744,10.49235907867871
72,-0.9364236242944521,13.654453559094643
87,-1.4561124764485744,10.3425037196003
106,0.9679348097107815,17.60411086724026
146,0.4595719521936019,7.170309564362174
52,-1.9931821357662276,2.3201001389822578
79,0.7916668691082412,16.931327640275295
170,-1.459313777281427,18.135228575403985
80,0.3777518539392746,8.697324575287894
69,0.43840466516215254,21.265660773753382
137,0.47750312156540703,18.927497443392213
136,-0.7761383108381863,6.5483300944797955
70,0.7214811891360519,18.731693908579224
41,-0.5731381382299953,10.671257795973503
73,1.5833702224275796,18.7204599766857
46,0.19555285689503538,8.099730145024562
100,2.3941160066487566,14.99842603605843
178,0.9741977032886482,8.263143340884852
56,-1.191839669716074,8.228118636527785
65,1.1670701084041013,21.501042124492418
56,0.0529935423074278,19.382669272399223
93,-1.3385868679369437,14.511899491032949
54,0.5334831644538282,10.296310807816832
103,-0.3748213353284137,12.090896960344905
19,-1.1498239960074066,14.318794678839648
192,2.607218754398837,19.234012582310314
68,0.6692238395394733,17.320756876203614
96,2.43360435291442,23.229187325792914
61,-1.8345249287746643,8.396630571302198
113,-0.357958860089407,17.325116883801442
82,-1.8023954142302592,12.00534606151741
142,-1.4953729670825078,13.851288076119014
94,0.8635487214059041,25.74046339257137
86,-0.642633995644814,12.065154406748285
143,-0.37580452937993103,12.189979352882084
114,0.6100148029031472,14.980531972895294
83,0.2782966239984087,0.8175774499939354
186,-0.5929744793581161,10.531449610189023
87,-0.2481605396400551,15.055447283715194
66,1.5358377569766755,21.375293520362955
78,-1.6929509231280375,6.844644482456728
61,1.8367267886684504,24.936064754278203
51,-2.4865494718424106,7.21890797033022
75,-1.5724151002877635,8.552537540315232
155,0.35736667524020604,7.831172220300309
30,-0.18388053385001096,6.946489237252112
107,-0.2724671707239475,6.560725535037124
81,0.42508362925275833,9.704913127347536
79,0.4443054518671756,14.851131674559738
118,0.6714023502803966,8.417796576081333
98,1.9306313735723988,23.68716417504328
163,-0.70721765433523,12.615316656471283
53,-0.05956127739190234,5.92942672475732
89,0.16119012727687834,11.613256055088536
139,-0.5844189389353677,8.078682033939135
123,-0.45048129016207294,6.692738864997926
102,-0.29334689860828794,15.910444522006118
60,0.4955041614868717,22.11951974101078
169,0.22770476865595188,9.419240405513952
116,-0.17434600071613293,9.0351173881644
37,1.5599837729694257,11.551284258161756
96,-0.3940146403480697,14.641729303778309
67,-0.17244534098519884,15.75276473553048
142,-0.8001104818458417,18.578054869360187
113,-1.466735577538588,14.941530414107856
182,-1.231811094993658,10.590146468489033
76,-3.24089288282327,5.707961802277046
70,0.4248518103772876,11.791520846603495
33,0.26500663204943176,14.260015269455105
88,2.2502702915151853,14.28622943479625
115,-3.1683736609628115,-5.522988061226824
50,-0.9292206935181375,7.406835717589358
38,0.8053291717357706,16.83759187904407
157,-1.4981899879425051,10.633296253828242
86,-0.10367012226188924,11.35210531812406
176,-2.678377217085066,8.216817916572541
105,-1.1864042786541587,15.199011766645578
174,-0.6414319265053243,9.440031464469618
169,0.6109210266593939,24.689692193944488
9,0.2728277455158461,8.33011806344404
117,-0.4132705271009441,14.738610869971318
85,-0.9901542986367287,8.939176281947978
127,0.8851627915197501,18.900169781794915
86,-0.7623019864124455,7.925440203397107
70,-1.305544094304728,10.336224787856954
166,0.5888291487254369,20.00133733633844
123,1.0909441419813921,13.894577009277834
138,-0.9330662759829311,8.60423885348953
57,0.563546280110338,12.491782669798297
129,0.3353565697095466,11.860505275833432
94,1.9370597894529271,21.565403914077308
112,0.7944328217779375,16.14706024519502
59,-0.47839884803294386,11.729343999329755
104,0.2640932531849112,17.79217223165374
168,-1.151555584982375,4.661243055315971
17,1.752271210652763,20.470622210745002
85,0.6566793040510056,20.930988347456477
102,0.7937158123559648,14.45883691873351
44,-1.2559693081638146,4.878943465664494
108,-1.9470055236197197,7.188802728725777
190,-0.7269437978545079,9.184527219733697
82,0.3727259364705993,14.818002785682339
51,1.3553107039313228,16.226389440443526
119,-0.4570405368810104,13.309963730731209
150,-0.43022615346605086,18.95624534235774
69,1.0005748926361895,20.46667977906352
12,-0.1747846532781113,6.312978773318706
139,0.3479649269396128,24.206726188831716
72,-0.15727949807093122,20.137577707399807
172,-0.5540103832353255,3.295013647703155
48,-1.6213763507725856,14.161477350502791
62,-0.7750940954775387,10.320190987779574
143,0.3672743595627369,21.314058713813036
78,-1.3324806286821116,14.622675553891092
57,0.731576527511755,16.76424933662292
94,-0.12231450036274598,9.661273703108915
51,1.1457610120739323,17.210090735975328
153,-0.4365378872362243,14.903040823386132
44,1.7969982517710814,19.039099636692676
128,-0.16925852795601146,17.496697474257495
107,0.6343826863042743,12.849815679120066
137,-0.302329268624858,9.160524981217424
105,-0.7821089446044208,8.996621539513674
217,0.7070594346625979,7.762892356962079
0,-0.5091231172683227,10.953116443810007
135,-0.1417344351638021,15.775510509941252
111,-0.3560546177077907,5.218821194414175
180,-0.8602752651480198,8.81545950098619
68,-0.335332626131043,6.493999926629838
65,-2.0184841302495062,4.951161555567056
193,0.23565466353678177,16.45657955405113
73,-0.560183309532567,12.228974989119244
89,-0.026551319222336417,5.610237900243469
125,-0.2527569419384288,26.01751888264741
56,-0.5177038959881924,5.188881711020331
0,0.07741499735283543,8.519532491220701
164,-0.12989928462047842,16.390507643766977
168,0.4448179938533882,12.972282919785224
74,-0.8057090553389149,11.930505430046388
169,1.6519904132820753,17.862274969053548
181,0.6034652683964244,8.865383614353258
8,-1.0475258006387527,1.1119842912597733
56,-0.20977103326159505,11.514870101519437
158,-0.12859019401522778,7.212974164751403
42,0.36269971900583353,15.997469910605856
23,1.9556243508789009,11.48903958969236
164,1.597194754679504,22.776858836084852
72,-0.7148512357529252,10.81623643165689
93,-1.031813439210806,0.32324846424217846
173,-0.40015051883793323,12.45449120855537
77,1.9009471320225317,11.944887081201044
34,-3.119375512747373,0.9577693598785579
171,0.08326250277205838,10.232052225698407
134,-0.6269076476027027,15.894583961536703
78,0.8687520884558042,11.085686365329495
108,0.4778658161751901,16.003025590400355
70,0.5019634067549829,6.154452757711555
28,0.15425325854468303,13.717258631899197
57,-1.2153769113292847,9.87588289249121
70,-0.5237918783832209,13.30715214635651
58,0.277487634591075,6.302179041802481
87,1.4700054713155244,22.457340602659013
85,-1.0792095832220354,12.809479540212914
175,0.1579370909410415,3.9302936176596193
61,-1.7927247895472416,10.756010443802907
127,-2.0359116041290606,18.089539297797895
131,-0.15695204317830577,8.853433372307297
135,-0.49186806234400887,3.8397667308660974
128,-1.6316205010955969,9.128518258119643
44,0.5148341041623723,15.594946846416589
89,1.926015106249827,14.750316787518972
73,-0.44848379490714246,10.145367701876676
110,0.6152806220822409,20.824088508160102
97,-0.7108226216277951,8.184786564666124
48,-1.5300818389466508,10.633096500484644
55,-0.8410056452358452,12.454387385767607
27,-1.4299533633570123,8.613885215163416
132,0.8707135384318413,17.021455690070667
170,-2.7986961174358425,4.41863039568746
138,0.4545382893228683,18.060891437209765
86,1.0144521568635512,11.002514562944702
66,0.05851887961425228,10.02130816293522
62,2.0865502381348513,23.68297989475726
37,0.8094727649450257,11.863745558233305
144,-1.1302337654746506,9.642805056744404
37,-0.3775629331599858,9.875269715539815
104,-0.32760773978026614,12.591417885546637
81,0.4632096522237046,6.188030670700158
144,0.16822720790377962,10.778288085911157
81,-0.022580276512433908,12.269317573568593
125,1.2817368347614442,14.837259718458919
116,1.684946426123165,7.075362112654281
59,0.8244308374461706,15.492696246001664
77,0.21206621730003478,3.3776351185195708
68,-0.5752295384890169,11.888701050409608
113,1.8150828930024905,25.242758202195656
115,0.32053161877997605,18.232100445401255
31,-0.6650945693186073,5.139454891549179
92,1.9736177997866096,17.336201759298664
80,0.7562688675969806,12.414555643669352
95,-0.5377684225401156,3.985277780290552
138,-0.8453165524786307,11.471085539552439
148,-1.0188510550666354,15.312555749886728
21,0.893853214204827,15.487794040012183
182,-0.79670161851204,8.846286348518566
149,1.0577081848890686,21.998357958787807
112,-1.0293938107616942,13.775338487284685
61,-0.04280633419778163,10.239131046687753
54,0.5744702312104747,5.496067607094046
103,-1.1553757218850647,5.063865838545589
68,-0.4006747346019496,13.476707067002785
158,-0.6714688773698322,9.573863811900463
121,1.1062290056298847,15.187173538573576
33,0.9637523813924992,11.690390459658126
75,-2.37650115720023,15.13689569169706
116,0.24435336388828227,19.289722128695715
92,1.6619790069729639,15.049748098229006
59,1.599454318858552,7.544327608876486
63,1.6061316603352869,22.8892140266699
24,-0.5983930832197271,9.863938375213928
57,-2.936243333021222,6.04933375621113
116,-0.03386414775477608,14.31991921252856
23,-0.5603239487874414,9.334528200690553
127,-0.5380100790528688,14.313314418418537
83,0.054457706355134326,21.92991658359366
111,-0.38887558364191244,11.751273986551888
70,0.6802644738874319,17.038310194033343
113,-0.3290171916732106,7.0990550548402895
149,1.7433747517997495,9.351542195660635
113,-0.2654355631132361,25.75124159561307
101,0.8128202263654072,9.479294040012034
159,-2.5053585581072935,12.903828438405737
107,-2.1745437302273625,8.308790300173849
40,-0.31452799161742073,9.147716411744183
84,-1.5557951733350492,17.04499644136126
104,0.5317553818945163,11.261287130324762
196,1.2807057061422389,15.89446127163465
107,0.3053332424121858,7.492301743157772
39,0.1335034984119893,12.270384785553098
79,1.1118161422983917,18.973280332982213
139,0.9141100585760654,7.838021415124387
85,0.2763310676464045,13.66518136807921
143,0.47019912432888256,16.360534201501995
50,-0.5006576041211919,8.665800194601456
35,0.7945350789179908,5.538118679546396
86,0.7123555973955619,18.32077732424248
153,1.0233551952902908,19.466017040872636
143,-1.595836740132928,5.942170544963876
0,1.3091806093332115,15.47496243575415
142,0.9375580821116206,11.989539371688817
78,0.7517658447233749,13.108793864837548
83,0.9288382014783226,12.200698700251046
72,-1.2330203473479042,5.525266927763109
118,0.4658568509002541,13.942898957461974
127,-0.5529373082976148,11.44661813808806
77,-0.04314486759314109,11.413532292129625
14,-1.4908239676879649,4.136714940728233
90,-1.5766466143074984,7.115335465886779
49,0.0102121220551112,16.83791112982792
99,0.32911027655770586,18.173282110619017
45,0.25604917906008784,-1.542174852412769
105,1.1567555134815473,16.63736887067557
119,0.5791627078989475,17.178903801731437
89,0.6221035249112173,14.651769123393585
146,-1.3840331669732842,10.812760636888537
128,-0.711093189194127,10.758702097648342
73,1.419970201529305,23.746164461945177
81,-0.11696472265713709,14.989223365225778
63,-0.660628854382671,19.50877283298481
213,-0.5692395970517291,10.003225423375316
167,-0.23061132209521154,15.767931423525562
72,1.2403223520278233,18.674899589627014
80,-0.3854972852806006,5.033301464361427
56,0.19782927698341649,17.637889232461422
125,0.19122092470986934,11.727922234784874
52,0.791536297160984,13.70651672375093
183,0.5182436976730382,17.38123080258547
147,-0.08644812153674969,11.499171737470792
130,-0.423043199318799,16.803474112956504
56,-0.35961799294005176,14.95835374177253
141,-0.969514089699303,11.49668033836381
56,-0.32608616552527303,15.449563085492839
101,2.1644030331648816,17.87573051693854
194,-2.589687554231254,12.867448961543147
129,1.6916345211835007,14.260126390063302
0,1.2097330461153915,7.184986413301393
84,0.8870119069236526,19.50573130541954
174,1.3628096600175161,11.634213806725734
21,0.5836370144741237,7.962948618500764
88,-0.8448457424424136,14.013796256347412
106,0.27769114760907754,22.223313731900106
68,0.29221790409340126,15.04738156128505
126,-1.8028147579008849,22.34033091547576
69,-0.04734842644623321,23.931670077753417
99,0.9631857313350023,15.265895917842846
66,0.6795260441651254,16.885314224653264
100,-0.5850471075120519,0.9415232589415936
94,0.3688805404894653,16.49598880348733
82,-0.07325375262109345,12.873675469071047
81,0.636696815594159,11.898237704855031
135,-2.3076280523827277,13.183798773968167
91,0.772107538427047,15.624972621108512
158,1.502232367872762,19.724898565458076
98,0.41076111715610586,13.82325621724173
86,0.4484261564620266,19.04785040137702
160,0.41731682398126385,6.403905208149254
98,1.4048693845075781,20.09489958645682
133,0.7575112181171797,16.291113138989264
91,1.4356887491848496,16.952149748295412
115,0.806109585743769,23.87985981150296
88,-1.5970766134220384,6.684726490424717
105,1.042793820493717,10.677356569745232
172,0.06666096805148752,17.434117626610877
101,-1.0761535513939957,2.2210241371024537
91,0.6497632817149303,20.97633641805484
100,-0.31528391235616043,20.56357749733671
63,-1.9735287669301307,9.412713463025797
142,0.2933653187793988,3.668575232365505
79,0.3543535242814095,12.780709515965155
139,-1.0914458437131487,14.183926038290235
48,1.4833583865760431,20.04756554811201
81,-0.1924203630305949,0.8276842049458892
57,0.7883182454043456,20.881883554400055
117,-0.23325288616463438,10.769631435548629
52,-1.4817244788993225,6.289936328340086
158,0.24557315897449958,8.720909152731332
150,-0.04279929518118144,18.29113402650465
124,-0.5380658656974346,17.778648058431102
78,-0.5352970500635721,12.765127553292189
131,-0.3365525579174293,3.9182094146477997
75,-0.9961236687070213,13.657895723756017
131,0.41263646838983037,11.465262435841609
116,-1.087486437871436,10.639775794319242
72,0.9273250890765522,14.476314454655228
92,-1.3759773921796263,4.7626221940815485
117,1.020733652072548,20.31814103584096
191,1.0440399433021836,11.239923009736508
89,0.3705889780208863,19.650665333604966
143,0.3855314555108009,22.703269377122925
133,-0.5656849443234625,18.86874663138414
97,0.46895671543438305,22.619418991258982
148,2.156177408150007,22.21176457601758
53,-1.146979558654521,12.347632529334703
103,1.45533399620807,13.220324185452426
135,0.4092907848923507,9.797976635561447
29,-0.47002900824606364,-3.430415816924608
113,0.5244116877493487,11.295629448927016
126,-1.3637891564013347,7.77517530835704
137,-0.9398633978645784,16.315393688021768
140,-0.40073306469800424,14.848233295452303
138,1.647424089608625,28.574803367192374
58,2.571489819688974,14.524620591031377
128,-0.6774572716303962,11.393106918407437
102,0.5114109493332127,13.415984451647955
173,-2.009796523241101,19.094656088832448
133,-2.0556500423361856,13.602858931094755
38,0.3285791053667975,13.79599926266558
71,0.36820602296323773,15.18578636127939
94,-0.9190829288804249,11.46452407914344
46,1.6463911681144194,18.928817863906012
76,0.24152048340508045,20.649701680930903
40,1.319357636751103,4.3573089100586255
59,-0.022990692547072072,5.767395604332609
104,0.3109889158842965,20.428628781826337
61,-0.49676697326010727,11.777845873393016
113,0.7403100823387558,20.718067817754992
48,0.8528092653863859,13.047837315026053
24,-0.16399385939631841,7.9891282136673
47,0.07866743259840539,14.323382224606517
103,0.4327025843433591,16.567928295344814
116,-1.7817556906319838,16.999092534090632
117,-2.7847227496794766,4.503678527961802
167,0.19173459882250374,20.637177238486792
161,0.8030241197194611,7.539502003810796
81,-0.32423908493335696,6.989471288260626
164,1.7037780645170002,16.782239416919687
88,0.6533233816944418,21.41554613408769
70,-2.5099665490676015,14.926438339376816
119,0.9279556569914946,12.429531191811927
48,-0.9602153283030469,2.72805871044696
184,0.7528876087403938,4.181115115210091
115,-0.2044014865158699,4.914076961122234
127,0.42526632189532554,17.984124587479304
72,-0.196419006246652,14.908267715659603
0,0.07891646254998066,13.968788762106701
8,-0.5440689010101034,7.2309326814481505
37,2.0936074568762,20.890902251283368
162,0.6203704821286316,16.269233183166296
54,-0.08047233372142887,2.816050913449292
113,-1.9945949394096558,14.010110827009022
53,-0.5454138966420001,6.6590063315134556
68,-1.7067010613577658,6.375448536539362
83,0.7509650389202226,14.722932412922173
33,1.9835952076913292,12.439569955564782
93,0.3379532073382102,17.068251228186504
59,0.08495350271642807,17.341201554898763
70,0.2731286699413267,8.422893001022517
143,0.11356031384070091,23.88907908784219
33,0.24803368488900468,-1.3265569964501296
38,0.09914009535148649,13.087913678993592
51,0.35328841517975096,17.504573001567774
148,0.47113635553576094,13.011284749851129
105,1.2324034891799183,15.186482183142703
63,1.3716852807813043,15.842337607480358
190,1.6675533365965551,12.568257939203141
89,-0.2684091267881262,11.33714972516461
85,-0.2936612787685142,11.81554543364107
111,-1.101676991325281,12.913268699042698
59,1.8105716973104948,22.90182783374872
44,-0.27726621914390315,9.080307261497481
160,0.5265160606404379,2.9080739844645844
109,1.2667275037403825,13.509808172885323
19,-1.999892717697181,-0.5203546376293668
188,1.9800765897798118,11.58465734480766
129,0.8926731871265596,16.618889879002836
121,-1.0650999610991458,12.46943809547836
64,-0.08366479057801474,13.803969981675783
73,0.007197151872672523,1.4328913337691453
200,-2.204753390648742,5.358261826876827
13,0.3179105520450214,6.961171995398824
125,-0.3012091734630402,14.722611781309322
78,1.2016971499395015,7.3926142673761905
122,0.8945860650130806,18.774908013926755
226,-1.6759317034902772,14.017560158476805
92,0.6756886039680704,15.859475692357071
107,-0.0913450024871446,10.331998170512563
169,-0.8502709770038166,10.216831210296002
53,-1.4845449160645736,12.591062711849764
83,-0.1550050802729542,7.245906934908696
95,0.07851414247190172,12.28798170645287
147,-0.16171312753714984,12.561450843084007
79,0.6999783097582812,4.088188621349067
189,-1.3596808304578356,11.263872427568101
141,3.8381141104277328,16.1852696429393
21,-1.0588343767612722,0.49575543631083985
63,0.20892793341577187,9.701442045490328
121,0.028216622864083506,14.308467583952535
105,0.4581417962488408,19.3787832273103
110,1.226459510343731,14.69643082439571
90,-0.5888438119459228,23.666711248744775
113,1.5231413413900994,21.940305391759964
98,-1.2360247238745898,9.140414553019546
29,-0.12063477315158698,15.478281937484033
103,0.1616749696164645,22.741363502760148
74,0.05550911489193572,12.564766850771473
86,0.3077463070545654,11.330575668981885
98,1.3435214050266446,14.807189860709183
97,1.1351397450761613,15.346853077634588
84,0.6565227918858607,5.798332212252838
112,0.41175121941560905,18.472562326811094
51,1.133059952942327,15.520200511604887
114,0.14203470102593388,3.87841213499898
78,-0.3821459714638983,17.325838682377082
135,1.2940647238036305,20.972031726357606
77,1.4820495642817497,18.430836448633066
177,0.6785421536156383,11.017098406017313
114,-0.20508937571237332,16.97421158911815
83,-0.6113813161475921,8.861214002025138
105,1.1087896882303954,19.789595376589926
163,0.7311365403918796,11.907444921469233
159,-0.2958265361430312,8.943946910264746
57,-0.015583835106484692,13.192142085251866
63,-1.9175547341896284,14.109351876144903
88,0.9605773983743864,18.874983211194692
97,-1.4828997521432774,8.017019728342152
26,1.4491787539086844,9.677887840290818
61,0.15613241249116744,18.892784810554396
80,-0.32234398379272505,-0.6574063235109975
122,-1.1856599807855355,9.159991375852577
95,-0.49452897159685366,26.711775663631634
71,-0.3342947520090729,11.527275983754507
74,0.9704449934664341,9.054784343465254
140,0.018644636299411675,5.54136944454849
34,0.08346065217131791,13.398506253874396
93,-0.2824430264439461,12.202357719759343
77,1.247779095632583,10.35707907640643
70,-0.7152379056281046,20.160009839270998
67,-1.2895447479787008,10.318612227862117
48,0.44276283576852093,10.751091417727354
104,-0.3969264612564644,16.797864541560852
40,-0.759882593947458,10.986489593772095
137,-1.3968017834585416,15.940410729914806
133,-1.1979462190526753,3.810167142230802
0,-0.7197682439507791,5.426969352650093
34,-1.670370029386248,2.7273430273888644
65,0.6795143024318252,18.576124777127994
42,-0.23638616476394606,14.840943474970448
61,0.6628618978379017,8.125119922888413
128,0.22817844314036048,11.255375925521989
56,-0.5823827001609301,8.147973886843829
81,0.34647296691596874,28.683647120389388
99,0.8266390335245767,11.213435579705799
127,-2.0648452960729995,15.203804037499292
102,0.28817826868037644,12.53220014142231
70,1.2739965219595057,15.352094265895802
62,0.08285891424299328,21.216482781713996
104,0.6635955956315045,18.060198690701267
0,0.7435219049626931,10.7643649366176
47,-0.4489680468262832,16.894086111007063
81,-0.5428485375009495,10.095717380350973
11,0.06201714828984689,1.9697982829844491
84,0.57470648253904,12.053493260082716
27,0.7119078761527864,15.342680321732072
144,0.4516789223933122,7.2111664029222835
108,0.8496308961301811,16.69126189674155
24,0.6762020264735245,10.18138650103461
107,1.3881144399242937,10.345554730082473
108,1.6169933092116526,23.761811331095295
126,1.1815472161081297,28.222670221930755
86,1.2106569604091457,14.689057379308357
67,0.0027400035555274985,15.107590767944279
74,0.762253008939183,21.54181542732917
82,1.3809221253697084,20.041050311375503
92,-0.4299579968400908,9.576253746439125
126,0.39255018429935506,16.413808855164802
70,0.2713048788274549,13.927762876408993
82,0.7459942108456826,16.684149557261833
68,1.2157964694060233,17.23457600431073
150,-0.1914018431695429,17.748962521902406
166,-0.35890925029001614,14.733487161864094
46,-2.4230324086574946,6.496141423628396
96,0.4490761923605756,16.533635868532677
106,0.7758917951292666,16.614121087164428
105,0.2327967715396096,12.888824051254893
130,-0.7104537490212119,17.056213446364456
79,0.7645391601881634,16.893701683632454
96,-0.05223889536370383,11.26521755528934
69,-0.802771121540827,8.672264598560346
74,-0.5229722167723604,4.237746196601942
63,0.3408255786906043,21.81405113681905
60,-1.4334621069430944,12.08193852472789
22,1.4674995933211061,15.015560230315415
0,-1.4559911578008182,3.104258554062023
109,2.0065900227538904,17.75567062183328
55,-0.7987254521985506,10.496366905224631
22,0.5712275044480654,6.929109846990074
108,-0.13682247459549257,12.189633872604627
182,-1.2457775819473658,4.620459295931304
81,1.822903491460401,17.97115417982806
58,-0.6189731624847301,12.441033664745062
28,-0.4396829903547981,6.67290658352794
118,1.3145822152479145,15.488323393118987
90,-1.3145555219139766,16.10115042232428
26,0.4696036528350616,3.261606311644119
81,1.3485756238828466,22.584730058007587
240,0.3178422722019215,4.705953124758985
76,-1.2530356950484929,12.993746821814472
84,0.6098621466398606,7.58384795823379
41,0.4763853299394175,13.184598324158259
114,0.45230876570777845,12.463323374192736
100,0.3491215976607805,14.395719366501904
77,0.35554789733977643,11.97751508662145
36,-1.941398592175185,2.2107808645957214
92,1.1366991549792265,20.597806797093416
66,-2.167649498212756,10.757551659433819
8,0.1764223597904553,14.55645812848886
19,0.4807717562404867,19.969403773381252
107,-0.7341764036237027,18.36100430253167
121,-1.4010036642334665,3.2048456205452176
107,1.1654105390610103,14.134247845517237
113,-0.5202077017952933,11.656402478985127
69,-0.2683361141768227,4.452243641297962
62,-0.49646571198731565,11.77904015978395
148,0.3106674227127137,7.728186794322137
69,-0.05157225121232866,13.650541289622325
140,1.1398940773848323,8.064771688618563
65,-0.6913139628302342,4.044057243722651
83,0.06577737784371898,16.52169567912195
87,-0.25345653115491246,18.584250321576654
204,-0.9260334019042422,11.225794151704788
138,0.7064585213263002,6.410420248721806
157,0.728669729814843,6.868087129297645
87,0.2952718740454215,14.639671227101157
121,1.0065489529023868,14.880154680223654
140,-0.47943609623849476,2.3263367379670683
58,1.6415866031104156,19.59295574062687
182,1.4236546909910415,17.94382708516362
110,-1.6161842718837711,10.48753390631824
92,-0.04719716868072737,12.564630182373765
209,2.1534197986890113,14.166954292372743
70,-0.5427576269519581,17.5303722336705
164,1.2720441965518,19.177034468451254
107,1.4952749762316142,17.110888552370493
130,-1.1768470203721335,10.05697382621301
0,-1.342582867830927,9.3859257120283
185,0.6966215713743221,3.736944092611937
142,2.3368115997757535,16.934355727291234
115,0.03090093074189008,15.127416902030797
111,0.8105865493551326,13.82912883502128
45,-0.34097347375502646,13.179288932286097
102,-1.1226585235354716,13.087265847416013
0,0.19258741093975112,11.1349219927211
68,1.413500355657503,14.791497866821235
86,-0.5310694550278509,4.494359445636321
163,1.3618393897314247,20.377572252377938
52,0.2428695960959816,14.350934200765433
77,1.486861308531093,12.55856002394967
101,0.8902175325516205,15.15515741385289
112,-2.727775069920967,11.273203513470206
66,-2.561580880560042,2.6623460677827637
145,-0.13884976986967065,25.644898698056043
89,-0.6071977228584549,3.8814418440877834
208,1.2394401105034547,19.480830714447645
100,0.2202159219800838,18.270435414334774
55,-1.212947084901078,11.884329113146961
155,0.6233212782193392,13.082957654180907
74,2.2193370567503914,29.11451705567029
126,0.5851679619991901,19.084833520938524
106,0.7173478686757729,17.28184945929751
70,-3.1210237716070535,0.6162216662745852
165,0.8186598126350603,11.44225676909927
107,0.33870655640055847,23.668004210449325
109,-0.17954968386574308,12.1056190075624
123,-0.39071350552799267,24.844861487615933
60,-0.7113019003792858,12.772377863482228
52,-0.5319430901972853,16.072469389021204
111,0.8346490101105793,5.14218640610331
21,0.011105054435468078,14.698630717678423
147,0.5063340498096873,13.154912886708303
